<?xml version="1.0" encoding="UTF-8"?>

<flow xmlns="http://www.springframework.org/schema/webflow"
	xmlns:xsi="http://www.w3.org/2001/XMLSchema-instance"
	xsi:schemaLocation="http://www.springframework.org/schema/webflow
		http://www.springframework.org/schema/webflow/spring-webflow-2.0.xsd">
	
	<on-start>
		<set name="requestScope.productId" value="requestParameters.productId"/>
	</on-start>
	
	<!-- If not specified, the start state is the first state specified. -->
	<action-state id="addToCart">
	
		<!-- action-state must have an evaluate element, a set element, or similar.  See the XSD. -->
		<evaluate expression="shoppingCart.addItem(cartService.getProduct(productId))"/>
		
		<transition to="productAdded"/>
	</action-state>
	
	<!-- See http://forum.springframework.org/showthread.php?t=51240 -->
	<!-- Suppress leading slash to go servlet-relative? (Check docs) -->
	<!-- View applies only when directly called; calling flows ignore it? -->
	<end-state id="productAdded" view="externalRedirect:contextRelative:/home.do"/>
</flow>
