<?xml version="1.0" encoding="UTF-8"?>
<beans xmlns="http://www.springframework.org/schema/beans"
	xmlns:aop="http://www.springframework.org/schema/aop"
	xmlns:context="http://www.springframework.org/schema/context"
	xmlns:flow="http://www.springframework.org/schema/webflow-config"
	xmlns:util="http://www.springframework.org/schema/util"
	xmlns:xsi="http://www.w3.org/2001/XMLSchema-instance"
	xsi:schemaLocation="http://www.springframework.org/schema/beans
		http://www.springframework.org/schema/beans/spring-beans-2.5.xsd
		http://www.springframework.org/schema/aop
		http://www.springframework.org/schema/aop/spring-aop-2.5.xsd
		http://www.springframework.org/schema/context
		http://www.springframework.org/schema/context/spring-context-2.5.xsd
		http://www.springframework.org/schema/webflow-config
		http://www.springframework.org/schema/webflow-config/spring-webflow-config-2.0.xsd
		http://www.springframework.org/schema/util
		http://www.springframework.org/schema/util/spring-util-2.0.xsd"
	default-autowire="byName">
		    
	
	<!-- ================================================================== -->
	<!-- Spring MVC stuff                                                   -->
	<!-- ================================================================== -->
	
    <!-- This activates post-processors for annotation-based config -->
    <!-- http://www.infoq.com/articles/spring-2.5-part-1 -->
    <context:annotation-config/>
    
    <!-- Scan for controllers and services -->
	<context:component-scan base-package="mycart"/>
	
    <!-- Enables POJO @Controllers (like CartController) -->
	<bean class="org.springframework.web.servlet.mvc.annotation.DefaultAnnotationHandlerMapping"/>
	
	<!-- Maps flow requests from DispatcherServlet to flowController -->
	<bean class="org.springframework.web.servlet.handler.SimpleUrlHandlerMapping">
		<property name="mappings">
			<value>
				/addToCart.do=flowController
				/checkout.do=flowController
				/account/login.do=flowController
				/account/register.do=flowController
			</value>
		</property>
		<property name="alwaysUseFullPath" value="true"/>
	</bean>
	
	<!-- Enables annotated methods on POJO @Controllers (like CartController) -->
	<bean class="org.springframework.web.servlet.mvc.annotation.AnnotationMethodHandlerAdapter"/>
	
	<!-- Enables plain Controllers (e.g. FlowController) -->
	<bean class="org.springframework.web.servlet.mvc.SimpleControllerHandlerAdapter"/>
	
	<!-- Maps a logical view name to a physical resource -->
	<bean id="viewResolver" class="org.springframework.web.servlet.view.InternalResourceViewResolver">
		<property name="prefix" value="/WEB-INF/jsp/"/>
		<property name="suffix" value=".jsp"/>
	</bean>
	
	
	<!-- ================================================================== -->
	<!-- Spring Web Flow stuff                                              -->
	<!-- ================================================================== -->
	
	<!-- Using FlowController instead of FlowHandlers; see SWF Reference Guide, section 9.5. -->
	<bean id="flowController" class="org.springframework.webflow.mvc.servlet.FlowController">
		<property name="flowExecutor" ref="flowExecutor"/>
	</bean>
    
	<flow:flow-executor id="flowExecutor" flow-registry="flowRegistry"/>
	
	<!-- This creates an XmlFlowRegistryFactory bean -->
	<flow:flow-registry id="flowRegistry" flow-builder-services="flowBuilderServices">
		<flow:flow-location path="/WEB-INF/flows/addToCart.xml"/>
		<flow:flow-location path="/WEB-INF/flows/checkout.xml"/>
		<flow:flow-location path="/WEB-INF/flows/login.xml"/>
		<flow:flow-location path="/WEB-INF/flows/register.xml"/>
	</flow:flow-registry>
	
	<flow:flow-builder-services id="flowBuilderServices" view-factory-creator="viewFactoryCreator"/>
	
	<bean id="viewFactoryCreator" class="org.springframework.webflow.mvc.builder.MvcViewFactoryCreator">
		<property name="viewResolvers">
			<list>
				<ref bean="viewResolver"/>
			</list>
		</property>
	</bean>


	<!-- ================================================================== -->
	<!-- Other beans                                                        -->
	<!-- ================================================================== -->
	
	<!-- Autowired into CartServiceImpl -->
	<!-- Create a proxy to generate session-scoped shopping carts -->
	<bean id="shoppingCart" class="mycart.ShoppingCart" scope="session">
		<!-- This requires CGLIB -->
		<aop:scoped-proxy/>
	</bean>
	
	<!-- Autowired into CartServiceImpl -->
	<util:list id="shippingOptions">
		<value>Standard Shipping (1 week) - Free</value>
		<value>Expedited Shipping (3 days) - $19.95</value>
		<value>Overnight Shipping - $59.95</value>
	</util:list>
</beans>
